rule_id_lintq,file,line,message_lintq,rule_id_prior_work,message_prior_work,tool
ql-op-after-optimization,source_59a0eb956a0d4e6b8720f272136f2799_9b8ba7.py,34,Operation measure applied to transpiled circuit: qc.,IIS,"qc.measure(qr, cr)",QChecker
ql-double-measurement,qubitstates_903372.py,12,"Two consecutive measurements on qubit '0' at locations: (11, 1) and (12, 1)",IIS,"qc.measure(0, 1)",QChecker
ql-operation-after-measurement,one_qubit_fb6117.py,41,"Operation 'cz' on qubit 1 after measurement at location: (37, 1).",IM,"circuit.cz(1, 2)",QChecker
ql-operation-after-measurement,quantumteleportation_2823d6.py,16,"Operation 'cz' on qubit 0 after measurement at location: (14, 2).",W0311,"Bad indentation. Found 1 spaces, expected 4.",Pylint
ql-double-measurement,rsa_breaker_4_bit_0f27ff.py,137,"Two consecutive measurements on qubit '0' at locations: (137, 9) and (137, 9)
Two consecutive measurements on qubit '1' at locations: (137, 9) and (137, 9)
Two consecutive measurements on qubit '2' at locations: (137, 9) and (137, 9)
Two consecutive measurements on qubit '3' at locations: (137, 9) and (137, 9)
Two consecutive measurements on qubit '4' at locations: (137, 9) and (137, 9)
Two consecutive measurements on qubit '5' at locations: (137, 9) and (137, 9)
Two consecutive measurements on qubit '6' at locations: (137, 9) and (137, 9)
Two consecutive measurements on qubit '7' at locations: (137, 9) and (137, 9)
Two consecutive measurements on qubit '8' at locations: (137, 9) and (137, 9)
Two consecutive measurements on qubit '9' at locations: (137, 9) and (137, 9)
Two consecutive measurements on qubit '10' at locations: (137, 9) and (137, 9)
Two consecutive measurements on qubit '11' at locations: (137, 9) and (137, 9)
Two consecutive measurements on qubit '12' at locations: (137, 9) and (137, 9)
Two consecutive measurements on qubit '13' at locations: (137, 9) and (137, 9)
Two consecutive measurements on qubit '14' at locations: (137, 9) and (137, 9)
Two consecutive measurements on qubit '15' at locations: (137, 9) and (137, 9)",C0303,Trailing whitespace.,Pylint
ql-unmeasurable-qubits,test_structure_aaba85.py,1504,Circuit 'qc' has more qubits (1) than classical  bits (0),C0103,"Variable name ""qc"" doesn't conform to snake_case naming style.",Pylint
ql-ghost-composition,transpiled_stabilizer_test_7be7ce.py,413,"Ghost composition at location: (413, 1)",E1120,No value for argument 'other' in method call.,Pylint
ql-operation-after-measurement,teleportation_50c827.py,40,"Operation 'u1' on qubit 0 after measurement at location: (33, 1).",E1101,Instance of 'QuantumCircuit' has no 'u1' member; maybe 'u'?.,Pylint
ql-operation-after-measurement,teleportation_8f1eaf.py,40,"Operation 'u1' on qubit 0 after measurement at location: (33, 1).",E1101,Instance of 'QuantumCircuit' has no 'u1' member; maybe 'u'?.,Pylint
ql-operation-after-measurement,quantumteleportation_2823d6.py,15,"Operation 'cx' on qubit 1 after measurement at location: (14, 2).",W0311,"Bad indentation. Found 1 spaces, expected 4.",Pylint
